<?xml version="1.0" encoding="UTF-8" standalone="yes"?>
<addon id="script.alldeb" name="Import All debrid" version="0.0.3" provider-name="breizhou13">
	<requires>
		<import addon="xbmc.python" version="3.0.0"/>
        <import addon="script.module.simplejson" version="3.3.0"/>
        <import addon="script.module.requests" version="2.9.1"/>
	</requires>
	<extension point="xbmc.python.script" library="default.py">
		<provides>executable</provides>
	</extension>
	<extension point="xbmc.addon.metadata">
		<platform>all</platform>
		<summary lang="fr">Import du répertoire multimédia de alldebrid</summary>
		<description lang="fr">Cet Addon vous permet de récupérer les liens de votre dossier multimédia de alldebrid et de les intégrer dans votre médiathèque sans les télécharger.
	Son utilisation vous oblige à avoir un compte premium.
	Pensez à mettre dans vos sources les repertoires Series,Films avec le scraper voulu dessus
	Vous pouvez aussi mettre le repertoire Inconnus mais sans scraper, c'est ce qu'il n'a su placer</description>
		<license>GNU General Public License, v2</license>
		<language></language>
		<forum>http://forum.kodi.tv/</forum>
		<source>https://github.com/</source>
		<website>Kodi.tv</website>
		<email></email>
		<assets>
			<icon>icon.png</icon>
			<fanart>fanart2.jpg</fanart>
		</assets>
		<news>Tentative de nouveau XML</news>
	</extension>
</addon>
