<?xml version="1.0" encoding="UTF-8" standalone="yes"?>
<addon id="import-all-debrid" name="import-all-debrid_repo" version="1.0" provider-name="breizhou13">
    <extension point="xbmc.addon.repository" name="import-all-debrid">
        <dir>
            <info compressed="false">https://raw.githubusercontent.com/breizhou13/import-all-debrid/master/repo/zips/addons.xml</info>
            <checksum>https://raw.githubusercontent.com/breizhou13/import-all-debrid/master/repo/zips/addons.xml.md5</checksum>
            <datadir zip="true">https://raw.githubusercontent.com/breizhou13/import-all-debrid/master/repo/zips/</datadir>
        </dir>
    </extension>
    <extension point="xbmc.addon.metadata">
        <summary>import-all-debrid</summary>
        <description>importer les fichiers all debrid dans la bibliotheqie kodi sans telechargement</description>
        <disclaimer></disclaimer>
        <platform>all</platform>
        <assets>
            <icon>icon.png</icon>
            <fanart>fanart.jpg</fanart>
        </assets>
    </extension>
</addon>